local_filename	source_url	source_snapshots
090c50a1-4d9--natalie-gaida-parenting-alignment-therapist-needham-ma.webp	https://images.squarespace-cdn.com/content/v1/63d55bdf4c84e62de132f756/090c50a1-4d93-4889-a0c1-fb4f2ef53358/natalie-gaida-parenting-alignment-therapist-needham-ma.jpg	gc-parenting.html
0f359c78-0c2--couples-therapy-needham-terracotta.webp	https://images.squarespace-cdn.com/content/v1/63d55bdf4c84e62de132f756/0f359c78-0c25-45d1-a5e8-de09d0ca741d/couples+therapy+needham+terracotta.png	gc-about.html,gc-affair.html,gc-conflict.html,gc-discernment.html,gc-home.html,gc-intimacy.html,gc-parenting.html,gc-polyamory.html
170101590282--freestocks-yb2tglr-rvo-unsplash.webp	https://images.squarespace-cdn.com/content/v1/63d55bdf4c84e62de132f756/1701015902827-JBM4EYEOEM362GZ7DNX0/freestocks-yB2TGLr-rVo-unsplash.jpg	gc-blog.html
170880679150--ab6765630000ba8a50c7d252a7bb404519be5b29.webp	https://images.squarespace-cdn.com/content/v1/63d55bdf4c84e62de132f756/1708806791503-07TA9KSY3182TKQ6QEVW/ab6765630000ba8a50c7d252a7bb404519be5b29.jpeg	gc-blog.html
1780932031.0--imgg-gg3p-bc-drj-9a3ac480.webp	https://images.squarespace-cdn.com/content/v1/63d55bdf4c84e62de132f756/1780932031.011044-HQYJCWTPVIDSHAHUIARE/imgg-gg3p-BC-DRJ-9a3ac480.png	gc-home.html
1780932031.0--imgg-gg3p-bc-dq-o-c16fd78a.webp	https://images.squarespace-cdn.com/content/v1/63d55bdf4c84e62de132f756/1780932031.031863-NXFUHURWYVQAQFCNRMHX/imgg-gg3p-BC-DQ-O-c16fd78a.png	gc-home.html
1780932031.1--imgg-gg3p-bc-dq-u-4232d553.webp	https://images.squarespace-cdn.com/content/v1/63d55bdf4c84e62de132f756/1780932031.11286-ZBCPULHSCKQTWCTIVHHM/imgg-gg3p-BC-DQ-U-4232d553.png	gc-home.html
1d851a60-4ec--couples-therapy-needham.webp	https://images.squarespace-cdn.com/content/v1/63d55bdf4c84e62de132f756/1d851a60-4ec5-41ad-977d-4fb24c7fccc9/couples-therapy-needham.png	gc-affair.html,gc-conflict.html,gc-discernment.html,gc-intimacy.html,gc-parenting.html,gc-polyamory.html
318103e9-05d--natalie-gaida-couples-therapist-needham-ma.webp	https://images.squarespace-cdn.com/content/v1/63d55bdf4c84e62de132f756/318103e9-05d5-4aa7-9c7c-5ae7dec75f39/natalie-gaida-couples-therapist-needham-ma.jpg	gc-home.html
38595012-25e--couple-forehead-kiss-affair-recovery-therapy-needham-ma.webp	https://images.squarespace-cdn.com/content/v1/63d55bdf4c84e62de132f756/38595012-25e5-4eb8-bcbe-80de1b389e83/couple-forehead-kiss-affair-recovery-therapy-needham-ma.jpg	gc-about.html
39ac525a-8b4--couples-therapy-needham.webp	https://images.squarespace-cdn.com/content/v1/63d55bdf4c84e62de132f756/39ac525a-8b4b-4878-a4c2-deb54ec737ca/couples-therapy-needham.png	gc-about.html
3a7f385c-d1a--couples-therapy-needham.webp	https://images.squarespace-cdn.com/content/v1/63d55bdf4c84e62de132f756/3a7f385c-d1ac-4ef4-a6e1-8023f140bbdf/couples-therapy-needham.png	gc-about.html
3babe206-c6e--four-therapy-modalities-couple-embrace-rlt-gottman-pact-eft-needham-ma-jpg.webp	https://images.squarespace-cdn.com/content/v1/63d55bdf4c84e62de132f756/3babe206-c6ed-40fd-8505-341d3629e6d8/four-therapy-modalities-couple-embrace-rlt-gottman-pact-eft-needham-ma.jpg.png	gc-conflict.html
3c1dd7c0-93d--parents-laughing-with-their-toddler-representing-couples-working-through-parenting-alignment-therapy-in-needham-ma.webp	https://images.squarespace-cdn.com/content/v1/63d55bdf4c84e62de132f756/3c1dd7c0-93da-4728-938f-79b368099402/Parents+laughing+with+their+toddler%2C+representing+couples+working+through+parenting+alignment+therapy+in+Needham%2C+MA	gc-parenting.html
5bc039d1-34e--couple-reconnecting-close-communication-conflict-therapy-needham-ma.webp	https://images.squarespace-cdn.com/content/v1/63d55bdf4c84e62de132f756/5bc039d1-34e6-4784-8f0a-e0f9311d1692/couple-reconnecting-close-communication-conflict-therapy-needham-ma.jpg	gc-conflict.html
79589d68-0c8--couple-virtual-therapy-session-communication-conflict-needham-ma.webp	https://images.squarespace-cdn.com/content/v1/63d55bdf4c84e62de132f756/79589d68-0c86-4c19-807a-0cb8fbd3b7d3/couple-virtual-therapy-session-communication-conflict-needham-ma.jpg	gc-conflict.html
7f263f98-855--natalie-gaida-meet-your-therapist.webp	https://images.squarespace-cdn.com/content/v1/63d55bdf4c84e62de132f756/7f263f98-855e-4a97-9789-03ae703201ea/natalie-gaida-meet-your-therapist.jpg	gc-affair.html,gc-conflict.html,gc-discernment.html,gc-intimacy.html,gc-parenting.html,gc-polyamory.html
8871ad8f-203--loss-of-desire-therapy-needham.webp	https://images.squarespace-cdn.com/content/v1/63d55bdf4c84e62de132f756/8871ad8f-203d-4da7-b0e3-01d2c700d0b9/loss-of-desire-therapy-needham.jpg	gc-intimacy.html,gc-polyamory.html
893255e6-f20--couples-therapy-needham.webp	https://images.squarespace-cdn.com/content/v1/63d55bdf4c84e62de132f756/893255e6-f202-4857-b78c-2b3440c97dc9/couples-therapy-needham.png	gc-contact.html
8aaca2fb-05b--gui-franca-rrg44bvobey-unsplash.webp	https://images.squarespace-cdn.com/content/v1/63d55bdf4c84e62de132f756/8aaca2fb-05bb-49c1-866b-a9ece041a923/gui-franca-rRg44bVObeY-unsplash.jpg	gc-home.html
8b4df234-305--sexless-marriage-therapy-needham.webp	https://images.squarespace-cdn.com/content/v1/63d55bdf4c84e62de132f756/8b4df234-305a-4dac-b55d-cee0d1cb1ba5/sexless+marriage+therapy+needham.jpg	gc-intimacy.html,gc-polyamory.html
90ea479c-41b--ouple-embracing-beach-discernment-therapy-needham.webp	https://images.squarespace-cdn.com/content/v1/63d55bdf4c84e62de132f756/90ea479c-41b0-4222-a9d5-ca04532c2c0b/ouple-embracing-beach-discernment-therapy-needham.jpg	gc-discernment.html
93bb0e03-bb7--natalie-gaida-logo-couple-heart-icon.webp	https://images.squarespace-cdn.com/content/v1/63d55bdf4c84e62de132f756/93bb0e03-bb7b-4ccc-b313-73b7ec2808fa/natalie-gaida-logo-couple-heart-icon.png	gc-home.html
9b3f3145-706--affair-recovery-couples-therapy-needham-ma-support.webp	https://images.squarespace-cdn.com/content/v1/63d55bdf4c84e62de132f756/9b3f3145-7069-4e03-a2e9-14108037f3df/affair-recovery-couples-therapy-needham-ma-support..jpg	gc-affair.html
9c8ee77b-6c9--couples-therapy-needham-dusty-pink.webp	https://images.squarespace-cdn.com/content/v1/63d55bdf4c84e62de132f756/9c8ee77b-6c96-4f32-8004-4b794c0876a7/couples+therapy+needham+dusty+pink.png	gc-affair.html,gc-conflict.html,gc-discernment.html,gc-intimacy.html,gc-parenting.html,gc-polyamory.html
9edf1011-2b6--couple-laughing-together-communication-conflict-therapy-needham-ma.webp	https://images.squarespace-cdn.com/content/v1/63d55bdf4c84e62de132f756/9edf1011-2b63-4b37-8898-10650571ee3e/couple-laughing-together-communication-conflict-therapy-needham-ma.jpg	gc-about.html,gc-home.html
a4222bd4-cb2--couples-therapy-needham.webp	https://images.squarespace-cdn.com/content/v1/63d55bdf4c84e62de132f756/a4222bd4-cb2a-4a4e-8dcf-cb9e86c5c890/couples-therapy-needham.png	gc-about.html
a8213d33-6cf--father-tossing-baby-outdoors-parenting-alignment-therapy-needham-ma.webp	https://images.squarespace-cdn.com/content/v1/63d55bdf4c84e62de132f756/a8213d33-6cf9-4563-90a1-ff87e143ab67/father-tossing-baby-outdoors-parenting-alignment-therapy-needham-ma.jpg	gc-about.html,gc-home.html
a9af828d-fd8--couple-tangled-connection-line-desire-intimacy-therapy-needham-ma.webp	https://images.squarespace-cdn.com/content/v1/63d55bdf4c84e62de132f756/a9af828d-fd82-4272-a19e-4821cd051b31/couple-tangled-connection-line-desire-intimacy-therapy-needham-ma.png	gc-conflict.html
ace28abc-d0a--couples-therapy-needham.webp	https://images.squarespace-cdn.com/content/v1/63d55bdf4c84e62de132f756/ace28abc-d0a7-4a3b-9d33-63b5039906e3/couples-therapy-needham.png	gc-conflict.html,gc-intimacy.html,gc-parenting.html,gc-polyamory.html
adb760c0-49f--couple-kitchen-embrace-affair-recovery-therapy-needham-ma.webp	https://images.squarespace-cdn.com/content/v1/63d55bdf4c84e62de132f756/adb760c0-49f5-44aa-9acc-4b52a193d653/couple-kitchen-embrace-affair-recovery-therapy-needham-ma.jpg	gc-about.html,gc-home.html
b3a8899d-4c9--couple-distracted-on-phones-disconnected-therapy-needham-ma.webp	https://images.squarespace-cdn.com/content/v1/63d55bdf4c84e62de132f756/b3a8899d-4c93-4f03-a4fe-60ca13eb7bf7/couple-distracted-on-phones-disconnected-therapy-needham-ma.jpg	gc-home.html
b751953b-04e--natalie-gaida-overlapping-circles-icon.webp	https://images.squarespace-cdn.com/content/v1/63d55bdf4c84e62de132f756/b751953b-04e0-41ca-9ced-ba0615e8a6b6/natalie-gaida-overlapping-circles-icon.png	gc-about.html
b88e6633-48c--couple-sitting-close-beach-desire-intimacy-therapy-needham-ma.webp	https://images.squarespace-cdn.com/content/v1/63d55bdf4c84e62de132f756/b88e6633-48cc-4d81-9606-f662c76bcd1b/couple-sitting-close-beach-desire-intimacy-therapy-needham-ma.jpg	gc-about.html,gc-home.html
be115b8d-e45--couples-therapy-needham-terracotta.webp	https://images.squarespace-cdn.com/content/v1/63d55bdf4c84e62de132f756/be115b8d-e45b-415b-a433-e3c355b893b6/couples+therapy+needham+terracotta.png	gc-about.html
c35660a5-102--couples-therapy-needham.webp	https://images.squarespace-cdn.com/content/v1/63d55bdf4c84e62de132f756/c35660a5-1023-4cb9-b863-88a9bbdfb44c/couples+therapy+needham+.png	gc-home.html
c5516d54-110--couple-difficult-conversation-discernment-therapy-needham.webp	https://images.squarespace-cdn.com/content/v1/63d55bdf4c84e62de132f756/c5516d54-110a-4bc4-8ffe-d8775c414774/couple-difficult-conversation-discernment-therapy-needham.jpg	gc-discernment.html
cc294bc3-414--couples-therapy-needham.webp	https://images.squarespace-cdn.com/content/v1/63d55bdf4c84e62de132f756/cc294bc3-414f-4cf5-8688-8c55b1a0763a/couples-therapy-needham.png	gc-home.html
e24e9241-3a0--affair-recovery-couples-therapy-needham-ma.webp	https://images.squarespace-cdn.com/content/v1/63d55bdf4c84e62de132f756/e24e9241-3a0d-41ce-aacd-484757f55e25/affair-recovery-couples-therapy-needham-ma.jpg	gc-affair.html
ee122516-cf1--natalie-gaida-couples-therapist-needham-ma.webp	https://images.squarespace-cdn.com/content/v1/63d55bdf4c84e62de132f756/ee122516-cf11-4bd7-87fd-327e2635d507/natalie-gaida-couples-therapist-needham-ma.jpg	gc-about.html
f8761ca6-cfc--couple-reading-together-discernment-therapy-needham-ma.webp	https://images.squarespace-cdn.com/content/v1/63d55bdf4c84e62de132f756/f8761ca6-cfc2-46ed-b55d-33e39880f44e/couple-reading-together-discernment-therapy-needham-ma.jpg	gc-about.html,gc-home.html
ffe1ef31-445--freestocks-yb2tglr-rvo-unsplash.webp	https://images.squarespace-cdn.com/content/v1/63d55bdf4c84e62de132f756/ffe1ef31-4453-4acc-8e32-3e577b4d308e/freestocks-yB2TGLr-rVo-unsplash.jpg	gc-blog-holidays.html
82c2675683b8--82c2675683b841fab7f5483e58645882.webp	https://images.squarespace-cdn.com/content/v2/namespaces/memberAccountAvatars/libraries/637a944ef58cdb49a8ddc519/82c2675683b841fab7f5483e58645882/82c2675683b841fab7f5483e58645882.jpeg	gc-blog-holidays.html,gc-blog-sex.html
